<?xml version="1.0" encoding="UTF-8"?>
<metadata modelVersion="1.1.0">
  <groupId>com.google.gerrit</groupId>
  <artifactId>gerrit-plugin-api</artifactId>
  <version>2.12-SNAPSHOT</version>
  <versioning>
    <snapshot>
      <localCopy>true</localCopy>
    </snapshot>
    <lastUpdated>20150729210804</lastUpdated>
    <snapshotVersions>
      <snapshotVersion>
        <classifier>javadoc</classifier>
        <extension>jar</extension>
        <value>2.12-SNAPSHOT</value>
        <updated>20150729210804</updated>
      </snapshotVersion>
      <snapshotVersion>
        <extension>pom</extension>
        <value>2.12-SNAPSHOT</value>
        <updated>20150729210804</updated>
      </snapshotVersion>
      <snapshotVersion>
        <classifier>sources</classifier>
        <extension>jar</extension>
        <value>2.12-SNAPSHOT</value>
        <updated>20150729210757</updated>
      </snapshotVersion>
      <snapshotVersion>
        <extension>jar</extension>
        <value>2.12-SNAPSHOT</value>
        <updated>20150729210750</updated>
      </snapshotVersion>
    </snapshotVersions>
  </versioning>
</metadata>
